Res1_msa,Res2_msa,Res1_pdb,Res2_pdb,struc_int_type,struc_loc,common_int_type,common_loc,conservation
5,7,1,3,hbond,sc-mc,hbond,sc-mc,0.029411764705882353
5,284,1,262,pipi,sc-sc,pipi,sc-sc,0.029411764705882353
34,37,25,28,hbond,sc-sc,hbond,sc-sc,0.04411764705882353
50,51,41,42,hydrophobic,sc-sc,hydrophobic,sc-sc,0.4411764705882353
50,259,41,237,pipi,sc-sc,pipi,sc-sc,0.5147058823529411
57,161,48,141,saltbridge,sc-sc,saltbridge,sc-sc,0.6911764705882353
74,78,64,68,saltbridge,sc-sc,saltbridge,sc-sc,0.19117647058823528
96,124,81,108,hbond,sc-sc,hbond,sc-sc,0.27941176470588236
99,122,84,106,hbond,sc-sc,hbond,mc-sc,0.8676470588235294
114,206,98,185,hydrophobic,sc-sc,hydrophobic,sc-sc,0.3235294117647059
122,125,106,109,hbond,sc-mc,hbond,sc-mc,0.8970588235294118
127,161,111,141,hbond,sc-mc,hbond,sc-mc,0.4411764705882353
130,160,114,140,hydrophobic,sc-sc,hydrophobic,sc-sc,0.11764705882352941
152,155,132,135,hbond,sc-sc,hbond,sc-mc,0.36764705882352944
158,174,138,154,hbond,mc-sc,hbond,mc-sc,0.7941176470588235
159,174,139,154,saltbridge,sc-sc,saltbridge,sc-sc,0.8235294117647058
168,169,148,149,hydrophobic,sc-sc,hydrophobic,sc-sc,0.08823529411764706
210,230,189,209,saltbridge,sc-sc,hbond,sc-sc,0.014705882352941176
210,231,189,210,hbond,sc-mc,None,None,0.0
218,229,197,208,saltbridge,sc-sc,saltbridge,sc-sc,0.39705882352941174
226,252,205,230,hydrophobic,sc-sc,hydrophobic,sc-sc,0.029411764705882353
254,285,232,263,saltbridge,sc-mc,saltbridge,sc-mc,0.08823529411764706
269,272,247,250,saltbridge,sc-sc,saltbridge,sc-sc,0.058823529411764705
177,178,157,158,hydrophobic,sc-sc,None,None,0.0
