Res1_msa,Res2_msa,Res1_pdb,Res2_pdb,struc_int_type,struc_loc,common_int_type,common_loc,conservation
5,7,1,3,hbond,sc-mc,hbond,sc-mc,0.029411764705882353
5,284,1,262,pipi,sc-sc,pipi,sc-sc,0.029411764705882353
15,44,8,35,hydrophobic,sc-sc,hydrophobic,sc-sc,0.04411764705882353
32,254,23,232,saltbridge,sc-sc,saltbridge,sc-sc,0.058823529411764705
34,37,25,28,hbond,sc-sc,hbond,sc-sc,0.058823529411764705
50,51,41,42,hydrophobic,sc-sc,hydrophobic,sc-sc,0.5
50,259,41,237,pipi,sc-sc,pipi,sc-sc,0.5147058823529411
57,161,48,141,saltbridge,sc-sc,saltbridge,sc-sc,0.7058823529411765
63,146,54,126,hydrophobic,sc-sc,hydrophobic,sc-sc,0.36764705882352944
74,78,64,68,saltbridge,sc-sc,saltbridge,sc-sc,0.20588235294117646
93,124,78,108,hbond,mc-sc,hbond,mc-sc,0.2647058823529412
94,123,79,107,hbond,mc-sc,hbond,mc-sc,0.27941176470588236
96,124,81,108,hbond,sc-sc,hbond,sc-sc,0.29411764705882354
99,122,84,106,hbond,sc-sc,hbond,mc-sc,0.8823529411764706
114,206,98,185,hydrophobic,sc-sc,hydrophobic,sc-sc,0.39705882352941174
122,125,106,109,hbond,sc-mc,hbond,sc-mc,0.9411764705882353
127,131,111,115,hbond,mc-sc,hbond,mc-sc,0.04411764705882353
127,161,111,141,hbond,sc-mc,hbond,sc-mc,0.5441176470588235
130,160,114,140,hydrophobic,sc-sc,hydrophobic,sc-sc,0.22058823529411764
152,155,132,135,hbond,sc-sc,hbond,sc-mc,0.4117647058823529
158,174,138,154,hbond,mc-sc,hbond,mc-sc,0.8529411764705882
159,174,139,154,saltbridge,sc-sc,saltbridge,sc-sc,0.8529411764705882
168,169,148,149,hydrophobic,sc-sc,hydrophobic,sc-sc,0.23529411764705882
171,173,151,153,saltbridge,sc-sc,saltbridge,sc-sc,0.5294117647058824
210,230,189,209,saltbridge,sc-sc,hbond,sc-sc,0.014705882352941176
210,231,189,210,hbond,sc-mc,None,None,0.0
218,229,197,208,saltbridge,sc-sc,saltbridge,sc-sc,0.4411764705882353
226,252,205,230,hydrophobic,sc-sc,hydrophobic,sc-sc,0.04411764705882353
254,285,232,263,saltbridge,sc-mc,saltbridge,sc-mc,0.10294117647058823
265,270,243,248,hbond,mc-sc,hbond,mc-sc,0.029411764705882353
269,272,247,250,saltbridge,sc-sc,saltbridge,sc-sc,0.058823529411764705
177,178,157,158,hydrophobic,sc-sc,None,None,0.0
137,144,120,124,hbond,mc-sc,hbond,mc-sc,0.19117647058823528
