{"1": 18.036298153152153, "2": 19.088503571727024, "3": 19.18729778432305, "4": 13.055777177182305, "5": 15.530248192415675, "6": 15.98892164800085, "7": 16.307660560842073, "8": 7.283753938308355, "9": 17.959080225465684, "10": 17.77356066587851, "11": 12.604555670016731, "12": 9.60842517226543, "13": 17.518344605223238, "14": 19.108812964771367, "15": 18.52885969077448, "16": 16.871478380317203, "17": 12.949976516018966, "18": 18.350437003118046, "19": 9.626997801042519, "20": 3.7038516974963547, "21": 6.639720366414989, "22": 11.492548634343676, "23": 17.021092974193273, "24": 11.687420455013871, "25": 12.782299084654516, "26": 13.40580973452623, "27": 19.681490946613874, "28": 13.902983033544452, "29": 15.264542371255716, "30": 18.78892091462137, "31": 17.87428464294577, "32": 16.872858648778788, "33": 16.611167174991138, "34": 18.56946629021208, "35": 13.721766977376808, "36": 8.816286288996901, "37": 19.558122960069156, "38": 18.670717716784793, "39": 19.019322962125276, "40": 17.184303765182065, "41": 4.602471273274842, "42": 12.611231396004513, "43": 9.85034118717715, "44": 12.967610650651203, "45": 1.14862573303821, "46": 6.090060733696314, "47": 12.731444560572976, "48": 2.107425584224315, "49": 8.762106571915233, "50": 13.81209871730498, "51": 8.663535944937113, "52": 8.99664690312187, "53": 8.554455947938866, "54": 17.42870682993749, "55": 8.360119815992634, "56": 5.273735720711368, "57": 18.877998171641504, "58": 16.95734283743975, "59": 16.779580905126718, "60": 9.108389811737732, "61": 18.952694950327604, "62": 17.356911093390195, "63": 19.290558958596105, "64": 14.49525636722802, "65": 19.384535845347894, "66": 16.557837888811616, "67": 19.576038765460975, "68": 15.16317744509195, "69": 18.908692735368454, "70": 9.613363808245445, "71": 19.647877378478913, "72": 8.682585542272294, "73": 19.67949880969209, "74": 19.561449375461137, "75": 19.316736113821698, "76": 18.09261635607583, "77": 12.196637348436301, "78": 16.52327771915866, "79": 16.852069524223705, "80": 12.67832155171899, "81": 7.96346376920717, "82": 17.71860372228407, "83": 17.153288206968845, "84": 8.073553982653921, "85": 19.17901658154199, "86": 17.412081566011988, "87": 16.61690899261382, "88": 17.6357089318285, "89": 18.791211628655198, "90": 18.859197954529847, "91": 10.364809916993062, "92": 9.887232055209534, "93": 15.19546795896338, "94": 7.483557982722551, "95": 19.011573275509665, "96": 11.811573289284244, "97": 6.53856952616152, "98": 7.033892842026168, "99": 19.475513179870372, "100": 8.223527436839596, "101": 8.080396361824352, "102": 6.79295520797134, "103": 15.983830738075241, "104": 18.011353222981057, "105": 1.4961802679227652, "106": 1.141050415221108, "107": 4.784419222393347, "108": 9.269362191749838, "109": 4.69977801149662, "110": 5.989343944741945, "111": 9.003447194151542, "112": 11.148037753152808, "113": 5.441089476708803, "114": 11.432204792791142, "115": 19.36809254198926, "116": 18.09794355142576, "117": 12.464937244995019, "118": 16.87139168842839, "119": 7.997632769456372, "120": 13.062377883076127, "121": 19.75107584122607, "122": 19.620110046089486, "123": 8.976513150457404, "124": 16.06227735174939, "125": 19.45652741044329, "126": 16.885219694290644, "127": 12.504692994920216, "128": 17.951485413847845, "129": 18.823074919377998, "130": 16.096576293481643, "131": 15.207081109920338, "132": 3.664022395245385, "133": 19.59098846433627, "134": 14.7011948000411, "135": 5.695210447864922, "136": 15.265672501764305, "137": 12.286576242134467, "138": 12.670519931614896, "139": 12.886750097658721, "140": 19.5730281830322, "141": 2.0779178016146336, "142": 17.62227362545585, "143": 19.52678459574937, "144": 10.684545520696389, "145": 12.402867353633887, "146": 19.41446637193361, "147": 18.46119732772181, "148": 19.723616847007843, "149": 19.770514365627317, "150": 19.497198172196086, "151": 11.4793602644717, "152": 19.904271090213367, "153": 17.289621775165237, "154": 2.0949847442799636, "155": 5.4843369046754065, "156": 2.83298068854368, "157": 18.831979895699337, "158": 5.960628403775122, "159": 19.21883730398496, "160": 18.882671766022668, "161": 7.8894009175876585, "162": 6.164690601630138, "163": 19.556396627980845, "164": 13.525516089460973, "165": 10.443939345147985, "166": 18.411450015788787, "167": 17.577013871415883, "168": 10.155353895236496, "169": 10.928089572276722, "170": 17.599093931681036, "171": 17.727760267044545, "172": 15.835745400385527, "173": 19.75257571081089, "174": 14.11120016151229, "175": 18.111514255442597, "176": 18.50527425633379, "177": 19.41517976741185, "178": 12.391297664552559, "179": 13.955213727737664, "180": 17.504024843159314, "181": 17.7254665569148, "182": 4.836415678934208, "183": 17.69369775673175, "184": 18.816232258777422, "185": 9.31527989261362, "186": 5.070376648383089, "187": 18.57226763090754, "188": 18.063492027018537, "189": 13.295806858367602, "190": 17.65432874629394, "191": 16.920410433429925, "192": 10.563919983518863, "193": 17.221887320839286, "194": 18.612447059452833, "195": 6.9940150559407765, "196": 8.52085799995597, "197": 6.768403699707932, "198": 19.653823403079823, "199": 18.995269750924923, "200": 11.316626888654776, "201": 14.111481200452095, "202": 19.866032537600727, "203": 16.784871246102004, "204": 3.742647871918811, "205": 15.16363582547554, "206": 6.674964014233985, "207": 7.171970082685068, "208": 12.42224051991914, "209": 2.2419715693506777, "210": 5.226423938337151, "211": 4.62808311635239, "212": 7.858285779700097, "213": 5.972369814855648, "214": 19.662655304641536, "215": 19.107544345523714, "216": 4.138458890697573, "217": 9.63820051952894, "218": 8.262557101613817, "219": 4.177245398456918, "220": 8.033129388059743, "221": 7.232054737210753, "222": 5.977184994122084, "223": 13.7376138546887, "224": 8.117380597057545, "225": 2.2564680730539606, "226": 17.345369122116498, "227": 19.66072186177246, "228": 19.02681022634755, "229": 19.27144500763482, "230": 18.35822765356315, "231": 19.4140278951533, "232": 7.882342581209278, "233": 6.311328476775046, "234": 7.782618840991937, "235": 8.995653445834913, "236": 6.67384185646304, "237": 5.580461998743715, "238": 12.620932251209917, "239": 15.91933221032698, "240": 15.814097199402347, "241": 12.367978734668666, "242": 19.729819968325614, "243": 18.169203602509363, "244": 18.99501301526683, "245": 17.529626940882608, "246": 19.843402232077658, "247": 18.44515433007907, "248": 15.85024840616916, "249": 9.625751100812549, "250": 18.25539382053742, "251": 17.903491482144364, "252": 6.469627333213922, "253": 17.88854543433739, "254": 18.27659796792858, "255": 4.7250054517456, "256": 8.1344806233019, "257": 18.752488711374564, "258": 18.31532046038008, "259": 10.214448215800319, "260": 13.961233770008674, "261": 18.81673471658743, "262": 17.459731726769846, "263": 8.081889260016622}